year,state,national_partisanship,state_partisanship,pvi
1976,Alabama,2.27,13.33,11.06
1976,Alaska,2.27,-23.78,-26.05
1976,Arizona,2.27,-17.23,-19.5
1976,Arkansas,2.27,30.1,27.83
1976,California,2.27,-1.84,-4.11
1976,Colorado,2.27,-11.82,-14.09
1976,Connecticut,2.27,-5.22,-7.49
1976,Delaware,2.27,5.46,3.19
1976,District Of Columbia,2.27,66.36,64.09
1976,Florida,2.27,5.36,3.09
1976,Georgia,2.27,33.88,31.61
1976,Hawaii,2.27,2.57,0.3
1976,Idaho,2.27,-23.47,-25.74
1976,Illinois,2.27,-2.01,-4.28
1976,Indiana,2.27,-7.7,-9.97
1976,Iowa,2.27,-1.03,-3.3
1976,Kansas,2.27,-7.75,-10.02
1976,Kentucky,2.27,7.31,5.04
1976,Louisiana,2.27,5.92,3.65
1976,Maine,2.27,-0.86,-3.13
1976,Maryland,2.27,6.07,3.8
1976,Massachusetts,2.27,16.23,13.96
1976,Michigan,2.27,-5.49,-7.76
1976,Minnesota,2.27,13.28,11.01
1976,Mississippi,2.27,1.94,-0.33
1976,Missouri,2.27,3.68,1.41
1976,Montana,2.27,-7.57,-9.84
1976,Nebraska,2.27,-21.25,-23.52
1976,Nevada,2.27,-4.54,-6.81
1976,New Hampshire,2.27,-11.48,-13.75
1976,New Jersey,2.27,-2.2,-4.47
1976,New Mexico,2.27,-2.49,-4.76
1976,New York,2.27,6.89,4.62
1976,North Carolina,2.27,11.11,8.84
1976,North Dakota,2.27,-6.08,-8.35
1976,Ohio,2.27,0.23,-2.04
1976,Oklahoma,2.27,-1.23,-3.5
1976,Oregon,2.27,-0.17,-2.44
1976,Pennsylvania,2.27,2.71,0.44
1976,Rhode Island,2.27,11.34,9.07
1976,South Carolina,2.27,13.13,10.86
1976,South Dakota,2.27,-1.49,-3.76
1976,Tennessee,2.27,13.15,10.88
1976,Texas,2.27,3.2,0.93
1976,Utah,2.27,-29.96,-32.23
1976,Vermont,2.27,-12.68,-14.95
1976,Virginia,2.27,-1.37,-3.64
1976,Washington,2.27,-4.04,-6.31
1976,West Virginia,2.27,16.14,13.87
1976,Wisconsin,2.27,1.72,-0.55
1976,Wyoming,2.27,-19.67,-21.94
1980,Alabama,-10.32,-1.35,8.97
1980,Alaska,-10.32,-34.6,-24.28
1980,Arizona,-10.32,-36.42,-26.1
1980,Arkansas,-10.32,-0.64,9.68
1980,California,-10.32,-18.93,-8.61
1980,Colorado,-10.32,-27.86,-17.54
1980,Connecticut,-10.32,-11.11,-0.79
1980,Delaware,-10.32,-2.53,7.79
1980,District Of Columbia,-10.32,69.63,79.95
1980,Florida,-10.32,-18.1,-7.78
1980,Georgia,-10.32,15.32,25.64
1980,Hawaii,-10.32,2.17,12.49
1980,Idaho,-10.32,-45.03,-34.71
1980,Illinois,-10.32,-8.68,1.64
1980,Indiana,-10.32,-19.59,-9.27
1980,Iowa,-10.32,-14.13,-3.81
1980,Kansas,-10.32,-26.95,-16.63
1980,Kentucky,-10.32,-1.43,8.89
1980,Louisiana,-10.32,-5.62,4.7
1980,Maine,-10.32,-3.82,6.5
1980,Maryland,-10.32,3.24,13.56
1980,Massachusetts,-10.32,-0.18,10.14
1980,Michigan,-10.32,-7.09,3.23
1980,Minnesota,-10.32,4.43,14.75
1980,Mississippi,-10.32,-1.36,8.96
1980,Missouri,-10.32,-7.13,3.19
1980,Montana,-10.32,-27.33,-17.01
1980,Nebraska,-10.32,-43.16,-32.84
1980,Nevada,-10.32,-39.85,-29.53
1980,New Hampshire,-10.32,-34.14,-23.82
1980,New Jersey,-10.32,-14.82,-4.5
1980,New Mexico,-10.32,-19.82,-9.5
1980,New York,-10.32,1.69,12.01
1980,North Carolina,-10.32,-2.2,8.12
1980,North Dakota,-10.32,-41.96,-31.64
1980,Ohio,-10.32,-11.47,-1.15
1980,Oklahoma,-10.32,-26.74,-16.42
1980,Oregon,-10.32,-11.11,-0.79
1980,Pennsylvania,-10.32,-7.72,2.6
1980,Rhode Island,-10.32,12.33,22.65
1980,South Carolina,-10.32,-1.27,9.05
1980,South Dakota,-10.32,-31.27,-20.95
1980,Tennessee,-10.32,-0.3,10.02
1980,Texas,-10.32,-14.33,-4.01
1980,Utah,-10.32,-55.93,-45.61
1980,Vermont,-10.32,-7.18,3.14
1980,Virginia,-10.32,-13.63,-3.31
1980,Washington,-10.32,-14.19,-3.87
1980,West Virginia,-10.32,4.74,15.06
1980,Wisconsin,-10.32,-5.18,5.14
1980,Wyoming,-10.32,-38.27,-27.95
1984,Alabama,-18.25,-22.53,-4.28
1984,Alaska,-18.25,-38.11,-19.86
1984,Arizona,-18.25,-34.23,-15.98
1984,Arkansas,-18.25,-22.46,-4.21
1984,California,-18.25,-16.45,1.8
1984,Colorado,-18.25,-28.73,-10.48
1984,Connecticut,-18.25,-22.0,-3.75
1984,Delaware,-18.25,-19.91,-1.66
1984,District Of Columbia,-18.25,72.3,90.55
1984,Florida,-18.25,-30.66,-12.41
1984,Georgia,-18.25,-20.4,-2.15
1984,Hawaii,-18.25,-11.41,6.84
1984,Idaho,-18.25,-46.55,-28.3
1984,Illinois,-18.25,-12.95,5.3
1984,Indiana,-18.25,-24.15,-5.9
1984,Iowa,-18.25,-7.45,10.8
1984,Kansas,-18.25,-34.06,-15.81
1984,Kentucky,-18.25,-20.73,-2.48
1984,Louisiana,-18.25,-22.84,-4.59
1984,Maine,-18.25,-22.14,-3.89
1984,Maryland,-18.25,-5.52,12.73
1984,Massachusetts,-18.25,-2.8,15.45
1984,Michigan,-18.25,-19.09,-0.84
1984,Minnesota,-18.25,0.18,18.43
1984,Mississippi,-18.25,-24.63,-6.38
1984,Missouri,-18.25,-20.05,-1.8
1984,Montana,-18.25,-22.6,-4.35
1984,Nebraska,-18.25,-42.01,-23.76
1984,Nevada,-18.25,-34.63,-16.38
1984,New Hampshire,-18.25,-37.87,-19.62
1984,New Jersey,-18.25,-21.04,-2.79
1984,New Mexico,-18.25,-20.7,-2.45
1984,New York,-18.25,-5.88,12.37
1984,North Carolina,-18.25,-24.06,-5.81
1984,North Dakota,-18.25,-31.47,-13.22
1984,Ohio,-18.25,-18.94,-0.69
1984,Oklahoma,-18.25,-38.22,-19.97
1984,Oregon,-18.25,-12.21,6.04
1984,Pennsylvania,-18.25,-7.4,10.85
1984,Rhode Island,-18.25,-3.66,14.59
1984,South Carolina,-18.25,-28.24,-9.99
1984,South Dakota,-18.25,-26.6,-8.35
1984,Tennessee,-18.25,-16.36,1.89
1984,Texas,-18.25,-27.57,-9.32
1984,Utah,-18.25,-50.24,-31.99
1984,Vermont,-18.25,-17.33,0.92
1984,Virginia,-18.25,-25.35,-7.1
1984,Washington,-18.25,-13.69,4.56
1984,West Virginia,-18.25,-10.54,7.71
1984,Wisconsin,-18.25,-9.24,9.01
1984,Wyoming,-18.25,-42.8,-24.55
1988,Alabama,-7.66,-19.49,-11.83
1988,Alaska,-7.66,-24.33,-16.67
1988,Arizona,-7.66,-21.49,-13.83
1988,Arkansas,-7.66,-14.38,-6.72
1988,California,-7.66,-3.61,4.05
1988,Colorado,-7.66,-7.91,-0.25
1988,Connecticut,-7.66,-5.16,2.5
1988,Delaware,-7.66,-12.48,-4.82
1988,District Of Columbia,-7.66,70.49,78.15
1988,Florida,-7.66,-22.5,-14.84
1988,Georgia,-7.66,-20.41,-12.75
1988,Hawaii,-7.66,9.61,17.27
1988,Idaho,-7.66,-26.58,-18.92
1988,Illinois,-7.66,-2.1,5.56
1988,Indiana,-7.66,-20.25,-12.59
1988,Iowa,-7.66,10.3,17.96
1988,Kansas,-7.66,-13.46,-5.8
1988,Kentucky,-7.66,-11.71,-4.05
1988,Louisiana,-7.66,-10.38,-2.72
1988,Maine,-7.66,-11.54,-3.88
1988,Maryland,-7.66,-2.93,4.73
1988,Massachusetts,-7.66,7.97,15.63
1988,Michigan,-7.66,-7.96,-0.3
1988,Minnesota,-7.66,7.1,14.76
1988,Mississippi,-7.66,-21.04,-13.38
1988,Missouri,-7.66,-3.99,3.67
1988,Montana,-7.66,-5.98,1.68
1988,Nebraska,-7.66,-21.11,-13.45
1988,Nevada,-7.66,-21.64,-13.98
1988,New Hampshire,-7.66,-26.47,-18.81
1988,New Jersey,-7.66,-13.8,-6.14
1988,New Mexico,-7.66,-5.02,2.64
1988,New York,-7.66,6.84,14.5
1988,North Carolina,-7.66,-16.32,-8.66
1988,North Dakota,-7.66,-13.19,-5.53
1988,Ohio,-7.66,-10.95,-3.29
1988,Oklahoma,-7.66,-16.78,-9.12
1988,Oregon,-7.66,4.77,12.43
1988,Pennsylvania,-7.66,-2.34,5.32
1988,Rhode Island,-7.66,11.76,19.42
1988,South Carolina,-7.66,-24.14,-16.48
1988,South Dakota,-7.66,-6.38,1.28
1988,Tennessee,-7.66,-16.44,-8.78
1988,Texas,-7.66,-12.69,-5.03
1988,Utah,-7.66,-34.78,-27.12
1988,Vermont,-7.66,-3.56,4.1
1988,Virginia,-7.66,-20.72,-13.06
1988,Washington,-7.66,1.62,9.28
1988,West Virginia,-7.66,4.75,12.41
1988,Wisconsin,-7.66,3.65,11.31
1988,Wyoming,-7.66,-22.85,-15.19
1992,Alabama,7.24,-7.64,-14.88
1992,Alaska,7.24,-13.15,-20.39
1992,Arizona,7.24,-2.6,-9.84
1992,Arkansas,7.24,19.98,12.74
1992,California,7.24,17.03,9.79
1992,Colorado,7.24,5.6,-1.64
1992,Connecticut,7.24,8.25,1.01
1992,Delaware,7.24,10.4,3.16
1992,District Of Columbia,7.24,80.59,73.35
1992,Florida,7.24,-2.39,-9.63
1992,Georgia,7.24,0.68,-6.56
1992,Hawaii,7.24,13.44,6.2
1992,Idaho,7.24,-19.32,-26.56
1992,Illinois,7.24,17.18,9.94
1992,Indiana,7.24,-7.67,-14.91
1992,Iowa,7.24,7.47,0.23
1992,Kansas,7.24,-7.08,-14.32
1992,Kentucky,7.24,3.74,-3.5
1992,Louisiana,7.24,5.33,-1.91
1992,Maine,7.24,12.11,4.87
1992,Maryland,7.24,16.6,9.36
1992,Massachusetts,7.24,24.18,16.94
1992,Michigan,7.24,9.23,1.99
1992,Minnesota,7.24,15.44,8.2
1992,Mississippi,7.24,-9.86,-17.1
1992,Missouri,7.24,13.01,5.77
1992,Montana,7.24,3.45,-3.79
1992,Nebraska,7.24,-22.62,-29.86
1992,Nevada,7.24,3.65,-3.59
1992,New Hampshire,7.24,1.59,-5.65
1992,New Jersey,7.24,2.84,-4.4
1992,New Mexico,7.24,10.28,3.04
1992,New York,7.24,24.22,16.98
1992,North Carolina,7.24,-0.92,-8.16
1992,North Dakota,7.24,-15.75,-22.99
1992,Ohio,7.24,2.34,-4.9
1992,Oklahoma,7.24,-11.24,-18.48
1992,Oregon,7.24,13.27,6.03
1992,Pennsylvania,7.24,11.1,3.86
1992,Rhode Island,7.24,23.69,16.45
1992,South Carolina,7.24,-4.71,-11.95
1992,South Dakota,7.24,-4.52,-11.76
1992,Tennessee,7.24,5.2,-2.04
1992,Texas,7.24,-4.48,-11.72
1992,Utah,7.24,-27.51,-34.75
1992,Vermont,7.24,20.51,13.27
1992,Virginia,7.24,-5.11,-12.35
1992,Washington,7.24,15.18,7.94
1992,West Virginia,7.24,15.54,8.3
1992,Wisconsin,7.24,5.59,-1.65
1992,Wyoming,7.24,-7.58,-14.82
1996,Alabama,9.61,-7.47,-17.08
1996,Alaska,9.61,-20.86,-30.47
1996,Arizona,9.61,2.45,-7.16
1996,Arkansas,9.61,18.71,9.1
1996,California,9.61,14.43,4.82
1996,Colorado,9.61,-1.52,-11.13
1996,Connecticut,9.61,20.73,11.12
1996,Delaware,9.61,17.25,7.64
1996,District Of Columbia,9.61,80.25,70.64
1996,Florida,9.61,6.31,-3.3
1996,Georgia,9.61,-1.26,-10.87
1996,Hawaii,9.61,28.55,18.94
1996,Idaho,9.61,-21.6,-31.21
1996,Illinois,9.61,19.21,9.6
1996,Indiana,9.61,-6.3,-15.91
1996,Iowa,9.61,11.47,1.86
1996,Kansas,9.61,-20.14,-29.75
1996,Kentucky,9.61,1.06,-8.55
1996,Louisiana,9.61,13.12,3.51
1996,Maine,9.61,25.32,15.71
1996,Maryland,9.61,17.28,7.67
1996,Massachusetts,9.61,37.28,27.67
1996,Michigan,9.61,14.65,5.04
1996,Minnesota,9.61,18.76,9.15
1996,Mississippi,9.61,-5.49,-15.1
1996,Missouri,9.61,7.09,-2.52
1996,Montana,9.61,-3.37,-12.98
1996,Nebraska,9.61,-21.11,-30.72
1996,Nevada,9.61,1.17,-8.44
1996,New Hampshire,9.61,11.22,1.61
1996,New Jersey,9.61,19.93,10.32
1996,New Mexico,9.61,8.05,-1.56
1996,New York,9.61,35.46,25.85
1996,North Carolina,9.61,-5.06,-14.67
1996,North Dakota,9.61,-7.82,-17.43
1996,Ohio,9.61,7.19,-2.42
1996,Oklahoma,9.61,-8.8,-18.41
1996,Oregon,9.61,9.39,-0.22
1996,Pennsylvania,9.61,10.32,0.71
1996,Rhode Island,9.61,38.01,28.4
1996,South Carolina,9.61,-6.22,-15.83
1996,South Dakota,9.61,-3.87,-13.48
1996,Tennessee,9.61,2.57,-7.04
1996,Texas,9.61,-5.32,-14.93
1996,Utah,9.61,-24.04,-33.65
1996,Vermont,9.61,26.37,16.76
1996,Virginia,9.61,-2.12,-11.73
1996,Washington,9.61,14.39,4.78
1996,West Virginia,9.61,16.71,7.1
1996,Wisconsin,9.61,11.84,2.23
1996,Wyoming,9.61,-14.98,-24.59
2000,Alabama,0.51,-15.21,-15.72
2000,Alaska,0.51,-35.87,-36.38
2000,Arizona,0.51,-6.57,-7.08
2000,Arkansas,0.51,-5.6,-6.11
2000,California,0.51,12.41,11.9
2000,Colorado,0.51,-8.97,-9.48
2000,Connecticut,0.51,18.51,18.0
2000,Delaware,0.51,13.48,12.97
2000,District Of Columbia,0.51,80.98,80.47
2000,Florida,0.51,-0.01,-0.52
2000,Georgia,0.51,-11.97,-12.48
2000,Hawaii,0.51,19.65,19.14
2000,Idaho,0.51,-41.7,-42.21
2000,Illinois,0.51,12.36,11.85
2000,Indiana,0.51,-16.01,-16.52
2000,Iowa,0.51,0.33,-0.18
2000,Kansas,0.51,-21.83,-22.34
2000,Kentucky,0.51,-15.46,-15.97
2000,Louisiana,0.51,-7.88,-8.39
2000,Maine,0.51,5.5,4.99
2000,Maryland,0.51,16.86,16.35
2000,Massachusetts,0.51,29.58,29.07
2000,Michigan,0.51,5.27,4.76
2000,Minnesota,0.51,2.57,2.06
2000,Mississippi,0.51,-17.21,-17.72
2000,Missouri,0.51,-3.42,-3.93
2000,Montana,0.51,-27.31,-27.82
2000,Nebraska,0.51,-30.36,-30.87
2000,Nevada,0.51,-3.71,-4.22
2000,New Hampshire,0.51,-1.34,-1.85
2000,New Jersey,0.51,16.42,15.91
2000,New Mexico,0.51,0.06,-0.45
2000,New York,0.51,27.15,26.64
2000,North Carolina,0.51,-12.93,-13.44
2000,North Dakota,0.51,-29.45,-29.96
2000,Ohio,0.51,-3.68,-4.19
2000,Oklahoma,0.51,-22.16,-22.67
2000,Oregon,0.51,0.47,-0.04
2000,Pennsylvania,0.51,4.3,3.79
2000,Rhode Island,0.51,31.3,30.79
2000,South Carolina,0.51,-16.32,-16.83
2000,South Dakota,0.51,-23.23,-23.74
2000,Tennessee,0.51,-3.93,-4.44
2000,Texas,0.51,-21.91,-22.42
2000,Utah,0.51,-43.45,-43.96
2000,Vermont,0.51,10.88,10.37
2000,Virginia,0.51,-8.29,-8.8
2000,Washington,0.51,5.89,5.38
2000,West Virginia,0.51,-6.48,-6.99
2000,Wisconsin,0.51,0.23,-0.28
2000,Wyoming,0.51,-41.96,-42.47
2004,Alabama,-2.47,-25.8,-23.33
2004,Alaska,-2.47,-26.45,-23.98
2004,Arizona,-2.47,-10.55,-8.08
2004,Arkansas,-2.47,-9.87,-7.4
2004,California,-2.47,10.08,12.55
2004,Colorado,-2.47,-4.73,-2.26
2004,Connecticut,-2.47,10.55,13.02
2004,Delaware,-2.47,7.66,10.13
2004,District Of Columbia,-2.47,81.04,83.51
2004,Florida,-2.47,-5.05,-2.58
2004,Georgia,-2.47,-16.71,-14.24
2004,Hawaii,-2.47,8.81,11.28
2004,Idaho,-2.47,-38.65,-36.18
2004,Illinois,-2.47,10.42,12.89
2004,Indiana,-2.47,-20.85,-18.38
2004,Iowa,-2.47,-0.67,1.8
2004,Kansas,-2.47,-25.73,-23.26
2004,Kentucky,-2.47,-20.02,-17.55
2004,Louisiana,-2.47,-14.66,-12.19
2004,Maine,-2.47,9.17,11.64
2004,Maryland,-2.47,13.13,15.6
2004,Massachusetts,-2.47,25.49,27.96
2004,Michigan,-2.47,3.45,5.92
2004,Minnesota,-2.47,3.52,5.99
2004,Mississippi,-2.47,-19.01,-16.54
2004,Missouri,-2.47,-7.24,-4.77
2004,Montana,-2.47,-21.0,-18.53
2004,Nebraska,-2.47,-33.69,-31.22
2004,Nevada,-2.47,-2.64,-0.17
2004,New Hampshire,-2.47,1.38,3.85
2004,New Jersey,-2.47,6.74,9.21
2004,New Mexico,-2.47,-0.8,1.67
2004,New York,-2.47,19.66,22.13
2004,North Carolina,-2.47,-12.48,-10.01
2004,North Dakota,-2.47,-27.82,-25.35
2004,Ohio,-2.47,-2.12,0.35
2004,Oklahoma,-2.47,-31.14,-28.67
2004,Oregon,-2.47,4.22,6.69
2004,Pennsylvania,-2.47,2.52,4.99
2004,Rhode Island,-2.47,21.16,23.63
2004,South Carolina,-2.47,-17.27,-14.8
2004,South Dakota,-2.47,-21.83,-19.36
2004,Tennessee,-2.47,-14.37,-11.9
2004,Texas,-2.47,-23.02,-20.55
2004,Utah,-2.47,-46.69,-44.22
2004,Vermont,-2.47,20.6,23.07
2004,Virginia,-2.47,-8.27,-5.8
2004,Washington,-2.47,7.29,9.76
2004,West Virginia,-2.47,-12.96,-10.49
2004,Wisconsin,-2.47,0.38,2.85
2004,Wyoming,-2.47,-40.63,-38.16
2008,Alabama,7.54,-21.78,-29.32
2008,Alaska,7.54,-22.13,-29.67
2008,Arizona,7.54,-8.63,-16.17
2008,Arkansas,7.54,-20.34,-27.88
2008,California,7.54,24.56,17.02
2008,Colorado,7.54,9.1,1.56
2008,Connecticut,7.54,22.64,15.1
2008,Delaware,7.54,25.28,17.74
2008,District Of Columbia,7.54,86.8,79.26
2008,Florida,7.54,2.84,-4.7
2008,Georgia,7.54,-5.26,-12.8
2008,Hawaii,7.54,45.99,38.45
2008,Idaho,7.54,-26.05,-33.59
2008,Illinois,7.54,25.47,17.93
2008,Indiana,7.54,1.04,-6.5
2008,Iowa,7.54,9.7,2.16
2008,Kansas,7.54,-15.22,-22.76
2008,Kentucky,7.54,-16.47,-24.01
2008,Louisiana,7.54,-18.91,-26.45
2008,Maine,7.54,17.66,10.12
2008,Maryland,7.54,25.86,18.32
2008,Massachusetts,7.54,26.39,18.85
2008,Michigan,7.54,16.74,9.2
2008,Minnesota,7.54,10.46,2.92
2008,Mississippi,7.54,-13.28,-20.82
2008,Missouri,7.54,-0.14,-7.68
2008,Montana,7.54,-2.34,-9.88
2008,Nebraska,7.54,-15.22,-22.76
2008,Nevada,7.54,12.77,5.23
2008,New Hampshire,7.54,9.74,2.2
2008,New Jersey,7.54,15.73,8.19
2008,New Mexico,7.54,15.33,7.79
2008,New York,7.54,31.53,23.99
2008,North Carolina,7.54,0.33,-7.21
2008,North Dakota,7.54,-8.82,-16.36
2008,Ohio,7.54,4.67,-2.87
2008,Oklahoma,7.54,-31.29,-38.83
2008,Oregon,7.54,16.83,9.29
2008,Pennsylvania,7.54,10.46,2.92
2008,Rhode Island,7.54,28.4,20.86
2008,South Carolina,7.54,-9.09,-16.63
2008,South Dakota,7.54,-8.59,-16.13
2008,Tennessee,7.54,-15.26,-22.8
2008,Texas,7.54,-11.87,-19.41
2008,Utah,7.54,-29.05,-36.59
2008,Vermont,7.54,37.8,30.26
2008,Virginia,7.54,6.37,-1.17
2008,Washington,7.54,17.5,9.96
2008,West Virginia,7.54,-13.35,-20.89
2008,Wisconsin,7.54,14.11,6.57
2008,Wyoming,7.54,-33.12,-40.66
2012,Alabama,4.02,-22.43,-26.45
2012,Alaska,4.02,-14.63,-18.65
2012,Arizona,4.02,-9.23,-13.25
2012,Arkansas,4.02,-24.31,-28.33
2012,California,4.02,23.75,19.73
2012,Colorado,4.02,5.5,1.48
2012,Connecticut,4.02,17.55,13.53
2012,Delaware,4.02,18.89,14.87
2012,District Of Columbia,4.02,85.18,81.16
2012,Florida,4.02,0.88,-3.14
2012,Georgia,4.02,-7.91,-11.93
2012,Hawaii,4.02,43.41,39.39
2012,Idaho,4.02,-32.84,-36.86
2012,Illinois,4.02,17.16,13.14
2012,Indiana,4.02,-10.4,-14.42
2012,Iowa,4.02,5.92,1.9
2012,Kansas,4.02,-22.23,-26.25
2012,Kentucky,4.02,-23.09,-27.11
2012,Louisiana,4.02,-17.49,-21.51
2012,Maine,4.02,15.72,11.7
2012,Maryland,4.02,26.64,22.62
2012,Massachusetts,4.02,23.57,19.55
2012,Michigan,4.02,9.6,5.58
2012,Minnesota,4.02,7.88,3.86
2012,Mississippi,4.02,-11.6,-15.62
2012,Missouri,4.02,-9.56,-13.58
2012,Montana,4.02,-14.07,-18.09
2012,Nebraska,4.02,-22.26,-26.28
2012,Nevada,4.02,6.82,2.8
2012,New Hampshire,4.02,5.67,1.65
2012,New Jersey,4.02,17.9,13.88
2012,New Mexico,4.02,10.59,6.57
2012,New York,4.02,32.09,28.07
2012,North Carolina,4.02,-2.07,-6.09
2012,North Dakota,4.02,-20.22,-24.24
2012,Ohio,4.02,3.03,-0.99
2012,Oklahoma,4.02,-33.54,-37.56
2012,Oregon,4.02,12.54,8.52
2012,Pennsylvania,4.02,5.46,1.44
2012,Rhode Island,4.02,28.03,24.01
2012,South Carolina,4.02,-10.62,-14.64
2012,South Dakota,4.02,-18.44,-22.46
2012,Tennessee,4.02,-20.7,-24.72
2012,Texas,4.02,-16.02,-20.04
2012,Utah,4.02,-49.25,-53.27
2012,Vermont,4.02,36.49,32.47
2012,Virginia,4.02,3.93,-0.09
2012,Washington,4.02,15.26,11.24
2012,West Virginia,4.02,-27.35,-31.37
2012,Wisconsin,4.02,6.93,2.91
2012,Wyoming,4.02,-42.32,-46.34
2016,Alabama,2.33,-28.75,-31.08
2016,Alaska,2.33,-16.77,-19.1
2016,Arizona,2.33,-3.78,-6.11
2016,Arkansas,2.33,-28.57,-30.9
2016,California,2.33,32.26,29.93
2016,Colorado,2.33,5.37,3.04
2016,Connecticut,2.33,14.28,11.95
2016,Delaware,2.33,12.0,9.67
2016,District Of Columbia,2.33,91.39,89.06
2016,Florida,2.33,-1.24,-3.57
2016,Georgia,2.33,-5.32,-7.65
2016,Hawaii,2.33,34.88,32.55
2016,Idaho,2.33,-36.62,-38.95
2016,Illinois,2.33,18.04,15.71
2016,Indiana,2.33,-20.23,-22.56
2016,Iowa,2.33,-10.13,-12.46
2016,Kansas,2.33,-22.22,-24.55
2016,Kentucky,2.33,-31.34,-33.67
2016,Louisiana,2.33,-20.34,-22.67
2016,Maine,2.33,3.19,0.86
2016,Maryland,2.33,28.02,25.69
2016,Massachusetts,2.33,29.3,26.97
2016,Michigan,2.33,-0.24,-2.57
2016,Minnesota,2.33,1.66,-0.67
2016,Mississippi,2.33,-18.18,-20.51
2016,Missouri,2.33,-19.64,-21.97
2016,Montana,2.33,-22.22,-24.55
2016,Nebraska,2.33,-27.1,-29.43
2016,Nevada,2.33,2.59,0.26
2016,New Hampshire,2.33,0.39,-1.94
2016,New Jersey,2.33,14.57,12.24
2016,New Mexico,2.33,9.3,6.97
2016,New York,2.33,26.82,24.49
2016,North Carolina,2.33,-3.81,-6.14
2016,North Dakota,2.33,-39.62,-41.95
2016,Ohio,2.33,-8.54,-10.87
2016,Oklahoma,2.33,-38.61,-40.94
2016,Oregon,2.33,12.31,9.98
2016,Pennsylvania,2.33,-0.75,-3.08
2016,Rhode Island,2.33,16.62,14.29
2016,South Carolina,2.33,-14.92,-17.25
2016,South Dakota,2.33,-31.94,-34.27
2016,Tennessee,2.33,-27.25,-29.58
2016,Texas,2.33,-9.43,-11.76
2016,Utah,2.33,-24.77,-27.1
2016,Vermont,2.33,30.37,28.04
2016,Virginia,2.33,5.65,3.32
2016,Washington,2.33,17.57,15.24
2016,West Virginia,2.33,-44.32,-46.65
2016,Wisconsin,2.33,-0.82,-3.15
2016,Wyoming,2.33,-51.41,-53.74
2020,Alabama,4.54,-25.82,-30.36
2020,Alaska,4.54,-10.52,-15.06
2020,Arizona,4.54,0.31,-4.23
2020,Arkansas,4.54,-28.42,-32.96
2020,California,4.54,29.82,25.28
2020,Colorado,4.54,13.88,9.34
2020,Connecticut,4.54,20.39,15.85
2020,Delaware,4.54,19.25,14.71
2020,District Of Columbia,4.54,88.93,84.39
2020,Florida,4.54,-3.39,-7.93
2020,Georgia,4.54,0.24,-4.3
2020,Hawaii,4.54,30.07,25.53
2020,Idaho,4.54,-31.75,-36.29
2020,Illinois,4.54,17.32,12.78
2020,Indiana,4.54,-16.39,-20.93
2020,Iowa,4.54,-8.37,-12.91
2020,Kansas,4.54,-14.99,-19.53
2020,Kentucky,4.54,-26.4,-30.94
2020,Louisiana,4.54,-18.93,-23.47
2020,Maine,4.54,9.34,4.8
2020,Maryland,4.54,34.06,29.52
2020,Massachusetts,4.54,34.23,29.69
2020,Michigan,4.54,2.83,-1.71
2020,Minnesota,4.54,7.28,2.74
2020,Mississippi,4.54,-16.77,-21.31
2020,Missouri,4.54,-15.67,-20.21
2020,Montana,4.54,-16.79,-21.33
2020,Nebraska,4.54,-19.57,-24.11
2020,Nevada,4.54,2.45,-2.09
2020,New Hampshire,4.54,7.5,2.96
2020,New Jersey,4.54,16.14,11.6
2020,New Mexico,4.54,11.04,6.5
2020,New York,4.54,23.43,18.89
2020,North Carolina,4.54,-1.37,-5.91
2020,North Dakota,4.54,-34.43,-38.97
2020,Ohio,4.54,-8.15,-12.69
2020,Oklahoma,4.54,-33.88,-38.42
2020,Oregon,4.54,16.61,12.07
2020,Pennsylvania,4.54,1.18,-3.36
2020,Rhode Island,4.54,21.2,16.66
2020,South Carolina,4.54,-11.85,-16.39
2020,South Dakota,4.54,-26.87,-31.41
2020,Tennessee,4.54,-23.66,-28.2
2020,Texas,4.54,-5.66,-10.2
2020,Utah,4.54,-21.39,-25.93
2020,Vermont,4.54,36.6,32.06
2020,Virginia,4.54,10.31,5.77
2020,Washington,4.54,19.85,15.31
2020,West Virginia,4.54,-39.6,-44.14
2020,Wisconsin,4.54,0.64,-3.9
2020,Wyoming,4.54,-44.96,-49.5
2024,Alabama,-1.5,-30.88,-29.38
2024,Alaska,-1.5,-13.69,-12.19
2024,Arizona,-1.5,-5.59,-4.09
2024,Arkansas,-1.5,-31.34,-29.84
2024,California,-1.5,20.8,22.3
2024,Colorado,-1.5,11.29,12.79
2024,Connecticut,-1.5,14.76,16.26
2024,Delaware,-1.5,14.96,16.46
2024,District Of Columbia,-1.5,86.63,88.13
2024,Florida,-1.5,-13.22,-11.72
2024,Georgia,-1.5,-2.21,-0.71
2024,Hawaii,-1.5,23.56,25.06
2024,Idaho,-1.5,-37.52,-36.02
2024,Illinois,-1.5,11.14,12.64
2024,Indiana,-1.5,-19.3,-17.8
2024,Iowa,-1.5,-13.45,-11.95
2024,Kansas,-1.5,-16.41,-14.91
2024,Kentucky,-1.5,-31.03,-29.53
2024,Louisiana,-1.5,-22.36,-20.86
2024,Maine,-1.5,7.09,8.59
2024,Maryland,-1.5,29.51,31.01
2024,Massachusetts,-1.5,25.91,27.41
2024,Michigan,-1.5,-1.44,0.06
2024,Minnesota,-1.5,4.34,5.84
2024,Mississippi,-1.5,-23.15,-21.65
2024,Missouri,-1.5,-18.67,-17.17
2024,Montana,-1.5,-20.58,-19.08
2024,Nebraska,-1.5,-20.84,-19.34
2024,Nevada,-1.5,-3.16,-1.66
2024,New Hampshire,-1.5,2.82,4.32
2024,New Jersey,-1.5,6.03,7.53
2024,New Mexico,-1.5,6.14,7.64
2024,New York,-1.5,12.69,14.19
2024,North Carolina,-1.5,-3.26,-1.76
2024,North Dakota,-1.5,-37.39,-35.89
2024,Ohio,-1.5,-11.31,-9.81
2024,Oklahoma,-1.5,-34.94,-33.44
2024,Oregon,-1.5,14.87,16.37
2024,Pennsylvania,-1.5,-1.73,-0.23
2024,Rhode Island,-1.5,14.16,15.66
2024,South Carolina,-1.5,-18.12,-16.62
2024,South Dakota,-1.5,-29.89,-28.39
2024,Tennessee,-1.5,-30.12,-28.62
2024,Texas,-1.5,-13.88,-12.38
2024,Utah,-1.5,-22.21,-20.71
2024,Vermont,-1.5,32.77,34.27
2024,Virginia,-1.5,5.89,7.39
2024,Washington,-1.5,18.93,20.43
2024,West Virginia,-1.5,-42.69,-41.19
2024,Wisconsin,-1.5,-0.87,0.63
2024,Wyoming,-1.5,-46.96,-45.46
